CUST_ID,BALANCE,BALANCE_FREQUENCY,PURCHASES,ONEOFF_PURCHASES,INSTALLMENTS_PURCHASES,CASH_ADVANCE,PURCHASES_FREQUENCY,ONEOFF_PURCHASES_FREQUENCY,PURCHASES_INSTALLMENTS_FREQUENCY,CASH_ADVANCE_FREQUENCY,CASH_ADVANCE_TRX,PURCHASES_TRX,CREDIT_LIMIT,PAYMENTS,MINIMUM_PAYMENTS,PRC_FULL_PAYMENT,TENURE
NEW_CUST1,171.93407798661985,1100.5236040310394,265.00731737781825,728.1513384392372,304.27928715829535,1911.5809079900207,146.39007977120454,119.67440636526094,1657.0702301054223,744.5756943792712,1342.5079254319212,856.2295230116589,1685.6607734167865,60.00041717583403,393.7473791366621,959.2320042375856,257.43833955492914
NEW_CUST2,2461.0970742510244,2921.2248344937257,1167.730568710214,585.0608394444941,254.03332904326768,1601.726218758821,1379.5476917059557,1907.617835355395,1416.5945687946455,2660.8931280950915,1111.95084464581,2307.30880911381,1021.2478548374994,718.4575942829534,848.3271348644417,1213.790552871435,418.4937641769647
NEW_CUST3,432.2374513974914,769.8662151068908,873.0460084896305,907.8379731690916,711.3065193018044,21.913068263844977,527.9766333824182,801.7048172996427,590.5072198640075,920.3471794377156,664.6812620081222,315.9187391077154,23.62358998336299,944.9226739278272,76.41435468459255,320.46297069101337,236.18949559291735
